
/*!40101 SET @OLD_CHARACTER_SET_CLIENT=@@CHARACTER_SET_CLIENT */;
/*!40101 SET @OLD_CHARACTER_SET_RESULTS=@@CHARACTER_SET_RESULTS */;
/*!40101 SET @OLD_COLLATION_CONNECTION=@@COLLATION_CONNECTION */;
/*!40101 SET NAMES utf8 */;
/*!40103 SET @OLD_TIME_ZONE=@@TIME_ZONE */;
/*!40103 SET TIME_ZONE='+00:00' */;
/*!40014 SET @OLD_UNIQUE_CHECKS=@@UNIQUE_CHECKS, UNIQUE_CHECKS=0 */;
/*!40014 SET @OLD_FOREIGN_KEY_CHECKS=@@FOREIGN_KEY_CHECKS, FOREIGN_KEY_CHECKS=0 */;
/*!40101 SET @OLD_SQL_MODE=@@SQL_MODE, SQL_MODE='NO_AUTO_VALUE_ON_ZERO' */;
/*!40111 SET @OLD_SQL_NOTES=@@SQL_NOTES, SQL_NOTES=0 */;

CREATE DATABASE /*!32312 IF NOT EXISTS*/ `gbiblioteca` /*!40100 DEFAULT CHARACTER SET latin1 */;

USE `gbiblioteca`;
DROP TABLE IF EXISTS `tb_categoria`;
/*!40101 SET @saved_cs_client     = @@character_set_client */;
/*!40101 SET character_set_client = utf8 */;
CREATE TABLE `tb_categoria` (
  `idCategoria` int(11) NOT NULL AUTO_INCREMENT,
  `descricao` varchar(255) DEFAULT NULL,
  PRIMARY KEY (`idCategoria`)
) ENGINE=InnoDB AUTO_INCREMENT=5 DEFAULT CHARSET=latin1;
/*!40101 SET character_set_client = @saved_cs_client */;

LOCK TABLES `tb_categoria` WRITE;
/*!40000 ALTER TABLE `tb_categoria` DISABLE KEYS */;
INSERT INTO `tb_categoria` (`idCategoria`, `descricao`) VALUES (1,'Física'),(2,'Matemática'),(3,'Química');
/*!40000 ALTER TABLE `tb_categoria` ENABLE KEYS */;
UNLOCK TABLES;
DROP TABLE IF EXISTS `tb_editora`;
/*!40101 SET @saved_cs_client     = @@character_set_client */;
/*!40101 SET character_set_client = utf8 */;
CREATE TABLE `tb_editora` (
  `idEditora` int(11) NOT NULL AUTO_INCREMENT,
  `nome` varchar(255) DEFAULT NULL,
  PRIMARY KEY (`idEditora`)
) ENGINE=InnoDB AUTO_INCREMENT=47 DEFAULT CHARSET=latin1;
/*!40101 SET character_set_client = @saved_cs_client */;

LOCK TABLES `tb_editora` WRITE;
/*!40000 ALTER TABLE `tb_editora` DISABLE KEYS */;
INSERT INTO `tb_editora` (`idEditora`, `nome`) VALUES (1,'AB EDITORA'),(2,'Ática'),(3,'Átomo e Alinea'),(4,'Atual'),(5,'Blucher'),(6,'Callis'),(7,'Cia das Letras '),(8,'Cia das Letrinhas'),(9,'Ciência Moderna'),(10,'DCL'),(11,'Edgard Blücher'),(12,'EDUCS'),(13,'Escrituras'),(14,'FTD'),(15,'FURB'),(16,'Girafinha'),(17,'Global'),(18,'Harbra'),(19,'Hemus'),(20,'IBEP Nacional'),(21,'Ícone'),(22,'Impetus Elsevier '),(23,'Interciência'),(24,'Jorge Zahar'),(25,'Landy'),(26,'LCT'),(27,'Livraria da Física'),(28,'Loyola'),(29,'Melhoramentos'),(30,'Objetiva'),(31,'Oficina de Textos'),(32,'PRENTICE HALL BRASIL'),(33,'Record'),(34,'Rocco Jovens Leitores'),(35,'Saraiva'),(36,'Senac'),(37,'Texto Editores'),(38,'Todo Livro'),(39,'UFMG'),(40,'UFRN'),(41,'UFSM'),(42,'UFV'),(43,'UNESP'),(44,'UNICAMP');
/*!40000 ALTER TABLE `tb_editora` ENABLE KEYS */;
UNLOCK TABLES;
DROP TABLE IF EXISTS `tb_emprestimo`;
/*!40101 SET @saved_cs_client     = @@character_set_client */;
/*!40101 SET character_set_client = utf8 */;
CREATE TABLE `tb_emprestimo` (
  `dtDevolucao` date DEFAULT NULL,
  `dtEmprestimo` date DEFAULT NULL,
  `isbnLivro` varchar(255) NOT NULL DEFAULT '',
  `idUsuario` int(11) NOT NULL DEFAULT '0',
  PRIMARY KEY (`isbnLivro`,`idUsuario`),
  KEY `FK7C49D82074824939` (`isbnLivro`),
  KEY `FK7C49D8206782A964` (`idUsuario`),
  CONSTRAINT `FK7C49D8206782A964` FOREIGN KEY (`idUsuario`) REFERENCES `tb_usuario` (`idUsuario`),
  CONSTRAINT `FK7C49D82074824939` FOREIGN KEY (`isbnLivro`) REFERENCES `tb_livro` (`isbn`)
) ENGINE=InnoDB DEFAULT CHARSET=latin1;
/*!40101 SET character_set_client = @saved_cs_client */;

LOCK TABLES `tb_emprestimo` WRITE;
/*!40000 ALTER TABLE `tb_emprestimo` DISABLE KEYS */;
INSERT INTO `tb_emprestimo` (`dtDevolucao`, `dtEmprestimo`, `isbnLivro`, `idUsuario`) VALUES ('2011-06-23','2011-06-10','8501033758',1),('2011-06-15','2011-06-08','8501033758',2),('2011-06-19','2011-06-12','8501033758',3),('2011-06-23','2011-06-10','8502064223',1),(NULL,'2011-06-15','8502064223',4),(NULL,'2011-06-23','8571397514',3),(NULL,'2011-06-23','8573901586',2);
/*!40000 ALTER TABLE `tb_emprestimo` ENABLE KEYS */;
UNLOCK TABLES;
DROP TABLE IF EXISTS `tb_estoque`;
/*!40101 SET @saved_cs_client     = @@character_set_client */;
/*!40101 SET character_set_client = utf8 */;
CREATE TABLE `tb_estoque` (
  `idEstoque` int(11) NOT NULL AUTO_INCREMENT,
  `isbnLivro` varchar(255) DEFAULT NULL,
  PRIMARY KEY (`idEstoque`),
  KEY `FKA9B2E9A774824939` (`isbnLivro`),
  CONSTRAINT `FKA9B2E9A774824939` FOREIGN KEY (`isbnLivro`) REFERENCES `tb_livro` (`isbn`)
) ENGINE=InnoDB AUTO_INCREMENT=319 DEFAULT CHARSET=latin1;
/*!40101 SET character_set_client = @saved_cs_client */;

LOCK TABLES `tb_estoque` WRITE;
/*!40000 ALTER TABLE `tb_estoque` DISABLE KEYS */;
INSERT INTO `tb_estoque` (`idEstoque`, `isbnLivro`) VALUES (5,'8502064223'),(6,'8502064223'),(9,'8504009947'),(10,'8504009947'),(11,'8504009947'),(12,'8504009947'),(13,'8504009955'),(14,'8504009955'),(15,'8504009955'),(16,'8504009955'),(17,'8504011739'),(18,'8504011739'),(19,'8504011739'),(21,'8506045118'),(22,'8506045118'),(23,'8506045118'),(24,'8506045118'),(25,'8508091672'),(26,'8508091672'),(27,'8508091672'),(28,'8508091672'),(29,'8521200765'),(30,'8521200765'),(31,'8521200765'),(32,'8521200765'),(33,'8521202717'),(34,'8521202717'),(35,'8521202717'),(36,'8521202717'),(37,'8521203527'),(38,'8521203527'),(39,'8521203527'),(40,'8521203527'),(41,'8521204053'),(42,'8521204053'),(43,'8521204053'),(44,'8521204053'),(45,'8521204116'),(46,'8521204116'),(47,'8521204116'),(48,'8521204116'),(49,'8521614357'),(50,'8521614357'),(51,'8521614357'),(52,'8521614357'),(53,'8526006827'),(54,'8526006827'),(55,'8526006827'),(56,'8526006827'),(57,'8526006843'),(58,'8526006843'),(59,'8526006843'),(60,'8526006843'),(61,'8526807269'),(62,'8526807269'),(63,'8526807269'),(64,'8526807269'),(65,'8527409690'),(66,'8527409690'),(67,'8527409690'),(68,'8527409690'),(69,'8528905527'),(70,'8528905527'),(71,'8528905527'),(72,'8528905527'),(73,'8532519547'),(74,'8532519547'),(75,'8532519547'),(76,'8532519547'),(77,'8535223061'),(78,'8535223061'),(79,'8535223061'),(80,'8535223061'),(81,'8535545749'),(82,'8535545749'),(83,'8535545749'),(84,'8535545749'),(85,'8535700501'),(86,'8535700501'),(87,'8535700501'),(88,'8535700501'),(89,'8535700773'),(90,'8535700773'),(91,'8535700773'),(92,'8535700773'),(93,'8535703195'),(94,'8535703195'),(95,'8535703195'),(96,'8535703195'),(97,'8535705619'),(98,'8535705619'),(99,'8535705619'),(100,'8535705619'),(101,'8535911448'),(102,'8535911448'),(103,'8535911448'),(104,'8535911448'),(105,'8536803738'),(106,'8536803738'),(107,'8536803738'),(108,'8536803738'),(109,'8536803827'),(110,'8536803827'),(111,'8536803827'),(112,'8536803827'),(113,'8537602124'),(114,'8537602124'),(115,'8537602124'),(116,'8537602124'),(117,'8570412916'),(118,'8570412916'),(119,'8570412916'),(120,'8570412916'),(121,'8570568592'),(122,'8570568592'),(123,'8570568592'),(124,'8570568592'),(125,'8570569963'),(126,'8570569963'),(127,'8570569963'),(128,'8570569963'),(129,'8570614773'),(130,'8570614773'),(131,'8570614773'),(132,'8570614773'),(133,'8571104077'),(134,'8571104077'),(135,'8571104077'),(136,'8571104077'),(137,'8571104417'),(138,'8571104417'),(139,'8571104417'),(140,'8571104417'),(141,'8571106924'),(142,'8571106924'),(143,'8571106924'),(144,'8571106924'),(145,'8571108145'),(146,'8571108145'),(147,'8571108145'),(148,'8571108145'),(149,'8571108536'),(150,'8571108536'),(151,'8571108536'),(152,'8571108536'),(153,'8571109249'),(154,'8571109249'),(155,'8571109249'),(156,'8571109249'),(157,'8571140545'),(158,'8571140545'),(159,'8571140545'),(160,'8571140545'),(161,'8571396418'),(162,'8571396418'),(163,'8571396418'),(164,'8571396418'),(165,'8571397514'),(166,'8571397514'),(167,'8571397514'),(169,'8571647186'),(170,'8571647186'),(171,'8571647186'),(172,'8571647186'),(173,'8571930635'),(174,'8571930635'),(175,'8571930635'),(176,'8571930635'),(177,'8571930708'),(178,'8571930708'),(179,'8571930708'),(180,'8571930708'),(181,'8572662062'),(182,'8572662062'),(183,'8572662062'),(184,'8572662062'),(185,'8572690441'),(186,'8572690441'),(187,'8572690441'),(188,'8572690441'),(189,'8572732217'),(190,'8572732217'),(191,'8572732217'),(192,'8572732217'),(193,'8573026944'),(194,'8573026944'),(195,'8573026944'),(196,'8573026944'),(197,'8573596472'),(198,'8573596472'),(199,'8573596472'),(200,'8573596472'),(201,'8573901586'),(202,'8573901586'),(203,'8573901586'),(205,'8573910143'),(206,'8573910143'),(207,'8573910143'),(208,'8573910143'),(209,'8573910623'),(210,'8573910623'),(211,'8573910623'),(212,'8573910623'),(213,'8574162256'),(214,'8574162256'),(215,'8574162256'),(216,'8574162256'),(217,'8574163201'),(218,'8574163201'),(219,'8574163201'),(220,'8574163201'),(221,'8574981516'),(222,'8574981516'),(223,'8574981516'),(224,'8574981516'),(225,'8575312803'),(226,'8575312803'),(227,'8575312803'),(228,'8575312803'),(229,'8576700123'),(230,'8576700123'),(231,'8576700123'),(232,'8576700123'),(233,'8578610036'),(234,'8578610036'),(235,'8578610036'),(236,'8578610036'),(237,'8586238627'),(238,'8586238627'),(239,'8586238627'),(240,'8586238627'),(241,'8587731408'),(242,'8587731408'),(243,'8587731408'),(244,'8587731408'),(245,'8587918427'),(246,'8587918427'),(247,'8587918427'),(248,'8587918427'),(249,'8588325195'),(250,'8588325195'),(251,'8588325195'),(252,'8588325195'),(253,'8588325640'),(254,'8588325640'),(255,'8588325640'),(256,'8588325640'),(257,'8588325748'),(258,'8588325748'),(259,'8588325748'),(260,'8588325748'),(261,'8588325829'),(262,'8588325829'),(263,'8588325829'),(264,'8588325829'),(265,'8588325993'),(266,'8588325993'),(267,'8588325993'),(268,'8588325993'),(269,'8590164314'),(270,'8590164314'),(271,'8590164314'),(272,'8590164314'),(273,'8599520415'),(274,'8599520415'),(275,'8599520415'),(276,'8599520415'),(277,'9724732088'),(278,'9724732088'),(279,'9724732088'),(280,'9724732088'),(306,'8502064223'),(307,'8501033758'),(318,'8504011739');
/*!40000 ALTER TABLE `tb_estoque` ENABLE KEYS */;
UNLOCK TABLES;
DROP TABLE IF EXISTS `tb_livro`;
/*!40101 SET @saved_cs_client     = @@character_set_client */;
/*!40101 SET character_set_client = utf8 */;
CREATE TABLE `tb_livro` (
  `isbn` varchar(255) NOT NULL,
  `autor` varchar(255) DEFAULT NULL,
  `titulo` varchar(255) DEFAULT NULL,
  `idCategoria` int(11) DEFAULT NULL,
  `idEditora` int(11) DEFAULT NULL,
  PRIMARY KEY (`isbn`),
  KEY `FKFA6AD5859648DC30` (`idEditora`),
  KEY `FKFA6AD585BEDDE36E` (`idCategoria`),
  CONSTRAINT `FKFA6AD585BEDDE36E` FOREIGN KEY (`idCategoria`) REFERENCES `tb_categoria` (`idCategoria`),
  CONSTRAINT `FKFA6AD5859648DC30` FOREIGN KEY (`idEditora`) REFERENCES `tb_editora` (`idEditora`)
) ENGINE=InnoDB DEFAULT CHARSET=latin1;
/*!40101 SET character_set_client = @saved_cs_client */;

LOCK TABLES `tb_livro` WRITE;
/*!40000 ALTER TABLE `tb_livro` DISABLE KEYS */;
INSERT INTO `tb_livro` (`isbn`, `autor`, `titulo`, `idCategoria`, `idEditora`) VALUES ('8501033758','TAHAN, Malba (SOUZA, Júlio Cesar de Mello)','Matemática Divertida e Curiosa',2,33),('8502064223','HASTINGS, David F.','Bases da Contabilidade: uma discussão introdutória',2,35),('8504009947','BERNHARD, Emmanuel','Quente e Frio (Coleção O que é?)',1,20),('8504009955','ZEITOUN, Charline','Tempo (Coleção O que é?)',1,20),('8504011739','TEIXEIRA, Wilson;TAIOLI, Fabio; FAIRCHILD, Thomas, TOLEDO, Cristina ','Decifrando a Terra',1,20),('8506045118','POSKITT, Kjartan ','Medidas Desesperadas: comprimento, área e Volume ',2,29),('8508091672','FARIA, Ronaldo Póvoa','Iniciação à Astronomia',1,2),('8521200765','BORGES, Alberto de Campos','Prática das Pequenas Construções, V.1',2,11),('8521202717','BORGES, Alberto de Campos','Prática das Pequenas Construções, V.2',2,11),('8521203527','MANO,Eloisa Biasotto, PACHECO,Élen Beatriz A. V. & BONELLI,Cláudia Maria Chagas','Meio Ambiente, Poluição e Reciclagem',3,11),('8521204053','KNOTHE, Gerhard; KRAHL, Jürgen;  GERPEN, Jon Van & RAMOS, Luiz Pereira','Manual de Biodiesel',3,11),('8521204116','TELLES, Dirceu D´Alkmin; COSTA, Regina Helena (org)','Reúso da Água',3,5),('8521614357','NISKIER, Júlio ','Manual de Instalações Elétricas',1,26),('8526006827','SOCIEDADE BRASILEIRA PARA O PROGRESSO DA CIÊNCIA','Química no Dia-a-Dia ',3,17),('8526006843','SOCIEDADE BRASILEIRA PARA O PROGRESSO DA CIÊNCIA','Matemática: Por quê e Para Quê?',2,17),('852600915X','DIAS, Sonia','Água, Meio Ambiente e Vida',3,17),('8526807269','CHAGAS, Aécio Pereira','Como se faz Química: uma reflexão sobre a química e a atividade do químico',3,44),('8527409690','MELLO, Ribeiro de ','Como Fazer Sabões e Artigos de Toucador ',3,21),('8528905527','SOARES, Joshuah de  Bragança','Dicionário de Matemática',2,19),('852940288X','COSTA, Sérgio Francisco','Introdução Ilustrada à Estatística',2,18),('8532519547','COLE, Joanna','O Ônibus Mágico no Caminho das Águas',3,34),('8535223061','CARVALHO, Sérgio & CAMPOS, Weber ','Matemática Financeira Simplificada Para Concursos ',2,22),('8535545749','FIGUEIREDO, Anibal & PIETROCOLLA, Mauricio','Física  Um Outro Lado: Luz e Cores ',1,14),('8535700501','BRAGA, Marco;FREITAS, Jairo &  GUERRA, Andreia','Einstein e o Universo relativistico (Coleção: Ciência no Tempo)',1,4),('8535700773',' GUERRA, Andreia; BRAGA, Marco & FREITAS, Jairo','Lavoisier e a Ciência no Iluminismo (Coleção: Ciência no Tempo)',3,4),('8535703195','ESPÓSITO, Breno Pannia','Química em Casa',3,4),('8535705619','BRAGA, Marco; GUERRA, Andrea & REIS, José Claudio','Bohr e a Interpretação Quântica da Natureza (Coleção: Ciência no Tempo)',1,4),('8535911448','GOLDSMITH, Mike & GODDARD, Clive ','Os Cientistas e seus Experimentos de Arromba',1,8),('8536803738','DCL- Difusão Cultural do Livro','Aquecimento Global ',3,10),('8536803827','BERGALLO, Laura Bergallo ','Operação Buraco de Minhoca,',1,10),('8537602124','TODO LIVRO','Os Progressos da Ciência: observações facinantes sobre o nosso  mundo',1,38),('8570412916','MATEUS, Alfredo Luis','Química na Cabeça: experiências espetaculares para você fazer em casa',3,39),('857041305X','VALADARES, Eduardo de Campo','Física mais que divertida',1,39),('857056516X','BARBOSA, Ruy Madsen','Descobrindo Padrões em Mosaicos',2,4),('8570568592','GUERRA, Andreia','Galileu e o nascimento da ciência moderna (Coleção: Ciência no Tempo)',1,4),('8570569963','BRAGA, Marco;FREITAS, Jairo &  GUERRA, Andreia','Newton e o triunfo do mecanicismo (Coleção: Ciência no Tempo)',1,4),('8570614773','ANDRADE, Mara Zeni','Segurança em Laboratórios Químicos e Biotecnológicos',3,12),('8571104077','RIVAL, Michel','Os Grandes Experimentos Científicos',1,24),('8571104417','GILMORE, Robert','Alice no país do Quantum',1,24),('8571106924','WOLKE, Robert L.','O Que Einstein Disse A Seu Cozinheiro - a ciência na cozinha',3,24),('8571108145','FISHER, Len','A Ciência no Cotidiano: como aproveitar a ciência nas atividades do dia-a-dia ',3,24),('8571108536','STEWART, Ian','Mania de Matemática: diversões e jogos de lógica e matemática',2,24),('8571109249','LE COUTEUR, Penny M.& BURRESON, Jay','Os Botões de Napoleão - as 17 moléculas que mudaram a história',3,24),('8571140545','BIEMBENGUT, Maria Salett; HEIN, Nelson & SILVA, Viviane Clotilde da','Ornamentos X Criatividade uma alternativa para ensinar geometria plana',2,15),('8571396418','ABDALLA, Maria Cristina','O Discreto Charme das Partículas Elementares',1,43),('8571397514','SILVA, Jairo José da','Filosofia da Matemática',2,43),('8571647186','ENZENSBERGER, Hans Magnus','O Diabo dos Números  ',2,7),('8571930635','BRASIL, Nilo Indio do','Sistema Internacional de Unidades',1,23),('8571930708','CIENFUEGOS, Freddy   ','Tabelas Químicas ',3,23),('8572662062','RAMOS, Luzia Faraco','Frações sem Mistérios',2,2),('8572690441','ARAÚJO, Júlio Maria Andrade de','Química de Alimentos - Teoria e Prática',3,42),('8572732217','AZEVEDO, Paulo Roberto Medeiros de ','Introdução à Estatística',2,40),('8573026944','RODITI, Itzhak','Dicionário Houaiss de Física',1,30),('8573596472','REBELLO, Tereza ','Guia de Produtos Cosméticos ',3,36),('8573901586','TWIST, Clint','Luz e Som',1,38),('8573910143','FARRET, Felix Alberto ','Aproveitamento de Pequenas Fontes de Energia Elétrica ',1,41),('8573910623','GUIMARAES, Paulo Sergio','Minivocabulário de Física',1,41),('857393431X','PINHEIRO, Carlos Alberto Orge','Matemática Financeira - Sem uso de calculadora financeira ',2,9),('8574162256','WILKINSON, Sue & CAST, C. Vance','A Eletricidade',1,6),('8574163201','YEONG-SO, Yu ','A Princesa Está Chegando! ',2,6),('8574981516','BARBOSA, Addson L.','Dicionário de Química',3,1),('8575312803','GENOVA, Carlos ','Origami: dobras, contas e encantos',2,13),('8576700123','GERENUTTI, Marli & RISSATO, Sandra Regina ','Química Orgânica: Compreendendo a Ciência da Vida  ',3,3),('8578610036','ITACARAMBI, Ruth Ribas & BERTON, Irani Cunha Borges','Geometria Brincadeiras e Jogos',2,27),('858546643X','MASSIN','Brincando com os Números',2,8),('8586238627','SANTOS, Rosely Ferreira dos','Planejamento Ambiental:  teoria e prática ',3,31),('8587731408','AFONSO-GOLDFARD, Ana Maria ','Da Alquimia à Química ',3,25),('8587918427','BROWN, LEMAY & BURSTEN ','Química  - a ciência central',3,32),('8588325195','LOPES, José Leite','Uma história da Física no Brasil',1,27),('8588325640','DORIA, Mauro M.; MARINHO & Franciole da Cunha ','Ondas e Bits',1,27),('8588325748','ENDLER,Anna Maria Freire Endler  ','Vovó conta de que são feitas as coisas',1,27),('8588325829','MAGALHAES, Mariza','Tudo O Que Você faz Tem A Ver Com A Química ',3,27),('8588325993','BURATTINI, Maria Paula T. de','Energia Uma Abordagem Multidisciplinar',1,27),('8590164314','GALVÃO, Antonio de Sant\'Ana','Aprendendo tudo sobre Potência de Dez',2,28),('8599520415','DREIDEMY, Joelle & GOMBERT, Jean-Rene','Eu Separo o Lixo ...para Reciclar',3,16),('9724732088','TEXTO EDITORES','Eu Quero Saber: As Invenções, a Terra e o Espaço',1,37);
/*!40000 ALTER TABLE `tb_livro` ENABLE KEYS */;
UNLOCK TABLES;
DROP TABLE IF EXISTS `tb_usuario`;
/*!40101 SET @saved_cs_client     = @@character_set_client */;
/*!40101 SET character_set_client = utf8 */;
CREATE TABLE `tb_usuario` (
  `idUsuario` int(11) NOT NULL AUTO_INCREMENT,
  `nome` varchar(255) DEFAULT NULL,
  PRIMARY KEY (`idUsuario`)
) ENGINE=InnoDB AUTO_INCREMENT=518 DEFAULT CHARSET=latin1;
/*!40101 SET character_set_client = @saved_cs_client */;

LOCK TABLES `tb_usuario` WRITE;
/*!40000 ALTER TABLE `tb_usuario` DISABLE KEYS */;
INSERT INTO `tb_usuario` (`idUsuario`, `nome`) VALUES (1,'ADRIANA DEL NERO ROMANO'),(2,'CHRISTINY BELINI GOULART'),(3,'ROBSON DE SOUSA MARTINS'),(4,'NATASHA RODRIGUES DAMASCENO'),(5,'ADRIANA RODRIGUES'),(6,'ADRIANA VASCONCELOS DE LIMA'),(9,'AGATHA SANTOS LUIZ'),(12,'ALESSANDRA APARECIDA TEIXEIRA BELLORIO'),(17,'ALINE DE OLIVEIRA'),(18,'ALINE GASAFE'),(19,'AMANDA MOLINA DOS SANTOS ROCHA'),(20,'AMANDA NOVAIS DE LIMA'),(21,'AMANDA OSÓRIO DE LIMA'),(22,'AMANDA RODRIGUES SOUZA'),(24,'ANA AMÉLIA MORATO ARAÚJO'),(25,'ANA BEATRIZ SHIGUEDOMI'),(26,'ANA BERTOLACCINI DA SILVA'),(27,'ANA CAROLINA CAMILLO'),(28,'ANA CLARICE DA SILVA'),(29,'ANA CLÁUDIA FERREIRA DOS SANTOS'),(30,'ANA ELIZA WILFER DIAS GABRIEL'),(31,'ANA JÚLIA NOGUEIRA GUIMARÃES'),(32,'ANA LAURA DA CUNHA CANEVARI'),(33,'ANA LAURA PIMENTA RUFFO'),(34,'ANA MARIA BORGES'),(35,'ANA MARIA DOS SANTOS WANDERLEY'),(36,'ANA MARIA LAIS GERONIMO DA SILVA'),(37,'ANA PAULA NUNES SILVA'),(38,'ANA PAULA SUITSU DE SÁ'),(44,'ANDREA DA COSTA RORIZ'),(45,'ANDREIA DE SOUZA MOREIRA'),(46,'ANDRESSA AKEMI TOMINAGA'),(47,'ANDRESSA AMIRABILE MACEDO MONTEIRO'),(49,'ANDREZA MISSI CARLETTO'),(50,'ANGELICA APPARECIDA DE OLIVEIRA'),(51,'ANNA CAROLINA SAROBA DOS SANTOS'),(52,'ANNE CAROLINE MONTE ALEGRE'),(54,'ARIANE CRUZ VICTOR'),(55,'ARIANE DA COSTA MANÇO JOAQUIM'),(59,'BARBARA FRANCO DO NASCIMENTO'),(60,'BARBARA SOUZA DOS SANTOS'),(61,'BEATRIZ CID GARCIA'),(62,'BEATRIZ DA SILVA BRANCO'),(63,'BIANCA CANUTO TINTI DE FARIAS'),(64,'BRUNA CAROLINE BEZERRA DA SILVA'),(65,'BRUNA CARVALHO VIEIRA'),(66,'BRUNA CECILIA PAZ DE CASTRO'),(67,'BRUNA EVELYN DE OLIVEIRA GONÇALVES'),(68,'BRUNA FELIS ALVES'),(69,'BRUNA FELISSA NEVES SILVERIO DA SILVA'),(70,'BRUNA LIMA CAVALCANTI DE ALBUQUERQUE'),(71,'BRUNA MIRANDA DOS SANTOS'),(80,'CAMILA APARECIDA MORAES DE SIQUEIRA'),(81,'CAMILA BOATTO MUSSIN'),(82,'CAMILA MACEDO XAVIER'),(83,'CAMILA RAMOS BERTOLINO'),(84,'CAMILA ROQUE'),(85,'CAMILA SANCHES ELIAS'),(86,'CAMILA SANCHES GARCIA PEREIRA'),(87,'CAMILA SANCHES PINHEIRO DOS SANTOS'),(88,'CAMILA SILVA CANDIDO'),(89,'CARINE DE SOUZA LIRA'),(95,'CAROLINA ARAUJO MILITÃO'),(96,'CAROLINA BERNAVA YASUI'),(97,'CAROLINA BEZERRA'),(98,'CAROLINA CRUZ MONTEIRO DOS SANTOS'),(99,'CAROLINA PEREIRA'),(100,'CAROLINE ANDRESSA GAROFALO'),(101,'CAROLINE GONÇALVES'),(102,'CAROLINE PEREIRA RIZZO'),(103,'CASSIA ELAINE SILVA'),(105,'CÉLIA REGINA RAMOS'),(106,'CELINA MARIA DE LIMA'),(107,'CICERA RODRIGUES ALVES ZANATA'),(108,'CINTIA ALVES CARVALHO DE SOUZA'),(109,'CLAUDIA DE PAULA SANTOS RAMOS'),(113,'CRISTIANE MENEZES BORGES'),(114,'DAGNARA AGUILAR GARCIA'),(117,'DANIELA BARIVIERA QUEIROZ'),(118,'DANIELA FERNANDA DE CARVALHO'),(119,'DANIELE SANTOS DE JESUS'),(120,'DANIELLE DE ANDRADE COSTA DO SACRAMENTO'),(121,'DANIELLY OLIVEIRA DA SILVA'),(126,'DÉBORA DA SILVA GODOHE'),(127,'DENISE CHRISTINA PINHEIRO COSTA'),(128,'DERCY APARECIDA MACHADO SALES DO CARMO'),(129,'DHANDARA CRISTINA FERREIRA LOPES'),(131,'DIANA BATISTA DE ARAUJO'),(144,'ELISA MARIA DE AMORIM'),(145,'ELISA VERCESI DE QUEIROZ'),(148,'ERIKA GARCIA DA SILVA'),(151,'EUNICE VERONICA BULHOES PADILHA'),(153,'EVELYN DE OLIVEIRA DIAS'),(155,'FABIANA ALVES DE AZEVEDO AFONSO'),(156,'FABIANA PRADO SOARES'),(162,'FERNANDA CAROLINA ALVES DE LIMA'),(163,'FERNANDA CRISTINA RAFAEL GONÇALVES'),(164,'FERNANDA LIMA OLIVEIRA'),(165,'FERNANDA MARIA COSTA PEREIRA'),(166,'FERNANDA PAVAN FERNANDES'),(167,'FERNANDA THAIS DE OLIVEIRA'),(170,'FLÁVIA BEATRIZ ISAIAS LOPES'),(171,'FLÁVIA LETÍCIA LOPES DE LIMA'),(173,'FRANCISLAINE GARCIA'),(177,'GABRIELA BORGES'),(178,'GABRIELA FONSECA PATARELI'),(179,'GABRIELE BORRO ARDENGHI'),(180,'GÉSSIKA DOS SANTOS CARDOSO'),(181,'GIOVANA CRISTINA MARTINS DE OLIVEIRA'),(182,'GIOVANNA ALDRIGHI BUTI'),(183,'GISELLI DA CONCEIÇÃO KOIAVINSKI CHRISPIM'),(184,'GIULIANA GUGLIELMINETTI FERRARI'),(185,'GIULIANA HENRIQUE LEARDINI HIRATA'),(186,'GLEICA FERREIRA DA SILVA'),(187,'GLEYCE PATRÍCIA DOS SANTOS VIEIRA'),(188,'GRAÇA GENI PEREIRA DOS SANTOS'),(189,'GRAZIELA DA CRUZ GARCIA'),(200,'HELENA DE LIMA'),(204,'ILANA SELES ALVES'),(205,'INGRID KAROLINE ARAUJO FIGUEIREDO'),(206,'IORRANA MIRANDA NUNES'),(207,'ISA COIMBRA STERNIERI'),(208,'ISABELA PEREIRA DA SILVA SEWAYBRICKER'),(209,'ISABELLA DEARO VIEIRA SANTOS'),(210,'ISABELLA SÁ PEIXOTO'),(211,'ISADORA AMENDOLA'),(212,'ISADORA DOLABANI DE ANDRADE'),(213,'IVANILDA ALVES SANTOS SUZARTE DA COSTA'),(218,'JANAÍNA PRATA FERREIRA'),(219,'JAQUELINE ALVES SANTOS'),(220,'JAQUELINE CAMERA RODRIGUES'),(221,'JAQUELINE RIBEIRO SOUTO'),(224,'JÉSSICA ALBAMONTE'),(225,'JÉSSICA COQUEIRO VREQUE'),(226,'JÉSSICA CRISTINA DOS SANTOS NASCIMENTO'),(227,'JÉSSICA DE MIRANDA MODESTO'),(228,'JÉSSICA FERNANDA DE MOURA'),(229,'JESSICA FLAVIANA SOARES DA SILVA'),(230,'JÉSSICA NADINE LIRA BRANDÃO'),(231,'JÉSSICA SAMPAIO DE FARIA'),(232,'JÉSSICA USHIRO'),(247,'JOYCE LOPES PEREIRA'),(248,'JULIA GABRIELA PIRES DE OLIVEIRA'),(249,'JULIA MARIA SERAPIÃO TURRI DE OLIVEIRA'),(250,'JULIANA DE ONOFRIO MARQUES'),(251,'JULIANE HELENA PILLA JULIAO'),(252,'JULIETE CRISTINA DE MELO'),(254,'JULY SCANFERLA DE MYRA'),(255,'JUSSARA MARIA DE BARROS'),(256,'KAREN GIL HUBNER'),(257,'KATHERINE UCHOAS RODRIGUES'),(258,'KATIA DOS SANTOS DA LUZ'),(259,'KEITH NATANIELLE DA COSTA'),(260,'KELLY CRISTINA NUNES'),(261,'KELLY JANDERIER CABRAL'),(262,'KELLY MIRELI SILVA SANTOS'),(263,'KEREM DAMARIS CARVALHO DA SILVA'),(264,'LAILLA CRISTINA DE OLIVEIRA COSTA'),(265,'LAIS ARMANDO MEDEIROS'),(266,'LAIS BIANCA TELICESKI DALPINO'),(267,'LAÍS FERNANDA BASSO DEODATO'),(268,'LAIS TEIXEIRA DA SILVA'),(269,'LARESSA BORIM DZIURA'),(270,'LARISSA CORDEIRO LESSA'),(271,'LARISSA GOMES GUALBERTO'),(272,'LARISSA MILARÉ TOLEDO LUSIVO'),(273,'LARISSA TOCILO LOPES'),(274,'LAYANNE JOYCE MORAES DE MENEZES'),(276,'LEILA APARECIDA DO CARMO'),(277,'LEILA DA SILVA RIBEIRO UZUM'),(278,'LENARA SPERTO BONIFÁCIO DA SILVA'),(283,'LILIAN IARA DO AMARAL'),(284,'LIZANDRA RODRIGUES DE OLIVEIRA'),(285,'LOUISE DE ARAUJO'),(286,'LUANA APARECIDA BORGES'),(290,'LUCIANA CECILIO SEIDL'),(291,'LUCIANA MARIA DE FREITAS'),(292,'LUCIANA MUTTI DOS SANTOS'),(293,'LUDMILA LORENA BARBOSA VIEIRA AZEVEDO'),(298,'LUZIA GOMES DO NASCIMENTO SOARES'),(299,'MAGALI ALMEIDA FARIAS'),(302,'MARCELA DE PAULA NASCIMENTO'),(303,'MARCELA PRADELLA BUENO'),(305,'MARCIA BARBOSA DA SILVA'),(311,'MARIA ANTONIA DOS ANJOS SOUZA'),(312,'MARIA CICERA DE OLIVEIRA'),(313,'MARIA CLÁUDIA PINTO FRANCO DOS SANTOS'),(314,'MARIA CRISTINA DE JESUS NORONHA'),(315,'MARIA CRISTINA GIUDICI'),(316,'MARIA CRISTINA RIBEIRO GRACIANI'),(317,'MARIA DE LOURDES BRIGIDA CASALINHO'),(318,'MARIA DO CARMO FERREIRA'),(319,'MARIA EDUARDA SOUZA BRANCO'),(320,'MARIA GORETE BRANDAO BRITO'),(321,'MARIA IVONE DOS REIS'),(322,'MARIA JOSE RODRIGUES DA SILVA'),(323,'MARIA LUCIA DE SOUSA'),(324,'MARIA LUÍZA ARAUJO LIMA'),(325,'MARIA NICOLINA RASPA FRANCISCO'),(326,'MARIANA BORGES FELIPE'),(327,'MARIANA DOS SANTOS LOPES FERNANDES'),(328,'MARIANA GALVANI DE PAULA'),(329,'MARIANA GAMBELLINI GONÇALVES'),(330,'MARIANA OLIVEIRA DE ALVARENGA'),(331,'MARIANA PAULA ELIZABETE DOS REIS SILVA E SILVA'),(332,'MARIANE DE AQUINO MARQUES'),(333,'MARILDA DE SOUSA SILVA'),(334,'MARINA GOMES ARAÚJO'),(335,'MARINA MACARIO ANDRADE'),(336,'MARISA ALESSANDRA NOBREGA SCALICE RODRIGUES'),(337,'MARLENE DE OLIVEIRA ALVES'),(338,'MARYANA PERES DE OLIVEIRA'),(341,'MAYARA ANDRÉ CHRISPIM'),(342,'MAYARA DE OLIVEIRA VIEGAS'),(343,'MAYARA DOS SANTOS GATTOLIN'),(345,'MELINA BEATRIZ COLANGELO SALLES'),(346,'MICHELLINY LOPES FELIX'),(347,'MICHELY LOURENCO FACCINA OLIVEIRA'),(348,'MIRELA CRISTINA LIMA DA SILVA'),(349,'MONALISA FABIANA DE SOUZA OLIVEIRA'),(350,'MONIQUE HOFFMANN CABRAL'),(351,'MONISE SILVA DOS SANTOS'),(352,'MONIZE CRISTINA PINTO TAVARES'),(356,'NADJANE MOREIRA DOS REIS'),(357,'NAIELYN APARECIDA SEVERINO LARANJEIRA'),(358,'NANCI ALVES COELHO'),(359,'NARA IMACULADA DOS SANTOS'),(360,'NATÁLIA AGOSTINHO BOMFIM ROCHA'),(361,'NATALIA CRISTINA DE FREITAS'),(362,'NATÁLIA SANTOS NASCIMENTO'),(363,'NATALIA THAIS LESSA'),(365,'NATASHA SUGUI DOI'),(366,'NATASHYA PEREIRA VICENTE'),(367,'NATHALIA DE ARAUJO LOLLI'),(368,'NATHÁLIA DE JESUS NEGREIROS'),(369,'NATHALIA GOMES MONTEIRO'),(370,'NATHÁLIA MOREIRA PIRES'),(371,'NATHALIA NOGUEIRA'),(372,'NAYARA DE SOUSA RODRIGUES'),(373,'NAYRA CRISTINA ABDALLA TEIXEIRA'),(374,'NEUSA PINTO RAMALHO'),(377,'PALOMA COSTA DE MATOS'),(378,'PALOMA TEIXEIRA DE OLIVEIRA'),(379,'PAMELA CORREA DA SILVA'),(380,'PATRICIA APARECIDA CATARUCCI RODRIGUES'),(381,'PATRICIA DUARTE NEUMANN CYPRIANO'),(382,'PAULA CRISTINA DE ALENCASTRO FABRICANTI'),(383,'PAULA MADER ARAUJO'),(384,'PAULA MARTINA TERRA LEME'),(385,'PAULA MARZENTA'),(390,'PRISCILA DA CRUZ PETINELLI'),(391,'PRISCILLA GRAJCAR EDLINGER CAMARGO'),(392,'PRISCILLA KAROLINE FESTA'),(403,'RAFAELA TATIANE OLIVEIRA CONCEIÇÃO'),(407,'REBECA GALLUZZI DE ALVARENGA CAMPOS'),(408,'REJANE MARIA PAULA SANTOS'),(411,'RENATA SILVA CARVALHO'),(412,'RENATA ZANINI OLIVATTO DE ALMEIDA'),(418,'RITA DE CÁSSIA DE GOES BORGES'),(419,'RITA DE CÁSSIA GATTI GAVIOLI'),(420,'ROBERTA DAVID DE ARAUJO'),(421,'ROBERTA KELLI POMPEU'),(422,'ROBERTA NUNES DE OLIVEIRA'),(432,'ROSANA DOS SANTOS OLIVEIRA'),(433,'ROSANNA PRAGER'),(434,'ROSELI GOMES MAIA'),(435,'ROSEMEIRE PEREIRA BISPO'),(436,'ROSILENE VAZ DE OLIVEIRA'),(437,'RUANA FERNANDES COSTA'),(439,'RUTE DA ROCHA SAMPAIO'),(440,'SAMANTA RAMOS DE OLIVEIRA'),(441,'SÂMARA CAMELO DE ANDRADE LOPES'),(442,'SAMARA DIAS DE OLIVEIRA'),(443,'SAMILA PAULA OLIVEIRA ALMEIDA'),(445,'SANDRA MARA DOS REIS RENTES'),(446,'SANDRA REGINA MARTINS'),(447,'SANDRA ROSANGELA DE GODOY'),(448,'SARA SANTANA FERREIRA'),(449,'SELMA VANDERLEI CAVALHEIRO'),(450,'SÊNIA SOARES MARTINS'),(451,'SILVANA APARECIDA NANTES'),(452,'SILVANA MARIA CHAVES'),(453,'SILVANA MOREIRA ALEXANDRE'),(454,'SIMONE CRISTINA DE SANTANA'),(455,'SIMONE CRISTINA ROSA CAVALLARI'),(456,'SOLANGE SILVA SANTOS'),(457,'SONIA MARIA FERREIRA'),(458,'STELLA GOMES DE OLIVEIRA'),(459,'SUELEN BATISTA DA SILVA'),(461,'TAINÁ ACEDO ROMÃO'),(462,'TALITA DOS SANTOS PEREIRA'),(463,'TAMIRES RODRIGUES DE ANDRADE'),(464,'TANIA FERREIRA SOUTO'),(465,'TATIANE APARECIDA CAMPOS CINTRA'),(466,'TATIANE CRISTINA LUCAS'),(467,'TATIANE PEREIRA GUEDES'),(468,'THAIS AMARAL MARTINS DA SILVA'),(469,'THAIS BALDAN CERRI'),(470,'THAÍS CAIRES FERREIRA'),(471,'THAÍS DE CARVALHO SANDRE'),(472,'THAÍS FERNANDA SANTANA VARINE'),(473,'THAIS FERREIRA MORENO'),(474,'THAIS JORGE DA SILVA'),(475,'THAIS RIOS GOMES'),(476,'THAÍS ROBERTA DA SILVA ALMIRANTE'),(477,'THAÍS ZANONI MIOLA'),(478,'THAMY HESPANHA GARCIA'),(479,'THAMYRA ALEXANDRINO MIRANDA'),(480,'THAYS DE OLIVEIRA CAMPOS'),(481,'THAYS GODINHO LIMA'),(482,'THELMA REGINA SILVERIO PERGENTINO DA SILVA'),(490,'VALDOMIRA DA SILVA AZEVEDO OLIVEIRA'),(491,'VALÉRIA JOVELINA SILVA'),(492,'VANESSA FERREIRA NERES'),(493,'VANESSA LETÍCIA SIMÕES SAGI'),(494,'VERÔNICA TARSITANO SANTOS'),(497,'VILMA FERREIRA GOMES'),(507,'VITÓRIA FRANCO OLMOS CELINO'),(508,'VIVIAN CANHA ITONAGA'),(509,'VIVIANE CHRISTOFANO DE PAULA'),(516,'WILMA MARQUES DOS SANTOS');
/*!40000 ALTER TABLE `tb_usuario` ENABLE KEYS */;
UNLOCK TABLES;
/*!40103 SET TIME_ZONE=@OLD_TIME_ZONE */;

/*!40101 SET SQL_MODE=@OLD_SQL_MODE */;
/*!40014 SET FOREIGN_KEY_CHECKS=@OLD_FOREIGN_KEY_CHECKS */;
/*!40014 SET UNIQUE_CHECKS=@OLD_UNIQUE_CHECKS */;
/*!40101 SET CHARACTER_SET_CLIENT=@OLD_CHARACTER_SET_CLIENT */;
/*!40101 SET CHARACTER_SET_RESULTS=@OLD_CHARACTER_SET_RESULTS */;
/*!40101 SET COLLATION_CONNECTION=@OLD_COLLATION_CONNECTION */;
/*!40111 SET SQL_NOTES=@OLD_SQL_NOTES */;

